ID,LID,LinkId
1,6479,0
2,6480,0
3,6481,0
4,6482,0
5,6483,0
6,6484,0
7,6485,0
8,6486,0
9,6487,0
10,6488,0
11,6489,0
12,6490,0
13,6491,0
14,6492,0
15,6493,0
16,6494,0
17,6495,0
18,6496,0
19,6497,0
20,6498,0
21,6499,0
22,6500,0
23,6501,0
24,6502,0
25,6503,0
26,6504,0
27,6505,0
28,6506,0
29,6507,0
30,6508,0
31,6509,0
32,6510,0
33,6511,0
34,6512,0
35,6513,0
36,6514,0
37,6515,0
38,6516,0
39,6517,0
40,6518,0
41,6519,0
42,6520,0
43,6521,0
44,6522,0
45,6523,0
46,6524,0
47,6525,0
48,6526,0
49,6527,0
50,6528,0
51,6529,0
52,6530,0
53,6531,0
54,6532,0
55,6533,0
56,6534,0
57,6535,0
58,6536,0
59,6537,0
60,6538,0
61,6539,0
62,6540,0
63,6541,0
64,6542,0
65,6543,0
66,6544,0
67,6545,0
68,6546,0
69,6547,0
70,6548,0
71,6549,0
72,6550,0
73,6551,0
74,6552,0
75,6553,0
76,6554,0
77,6555,0
78,6556,0
79,6557,0
80,6558,0
81,6559,0
82,6560,0
83,6561,0
84,6562,0
85,6563,0
86,6564,0
87,6565,0
88,6566,0
89,6567,0
90,6568,0
91,6569,0
92,6570,0
93,6571,0
94,6572,0
95,6573,0
96,6574,0
97,6575,0
98,6576,0
99,6577,0
100,6578,0
101,6579,0
102,6580,0
103,6581,0
104,6582,0
105,6583,0
106,6584,0
107,6585,0
108,6586,0
109,6587,0
110,6588,0
111,6589,0
112,6590,0
113,6591,0
114,6592,0
115,6593,0
116,6594,0
117,6595,0
118,6596,0
119,6597,0
120,6598,0
121,6599,0
122,6600,0
123,6601,0
124,6602,0
125,6603,0
126,6604,0
127,6605,0
128,6606,0
129,6607,0
130,6608,0
131,6609,0
132,6610,0
133,6611,0
134,6612,0
135,6613,0
136,6614,0
137,6615,0
138,6616,0
139,6617,0
140,6618,0
141,6619,0
142,6620,0
143,6621,0
144,6622,0
145,6623,0
146,6624,0
147,6625,0
148,6626,0
149,6627,0
150,6628,0
151,6629,0
152,6630,0
153,6631,0
154,6632,0
155,6633,0
156,6634,0
157,6635,0
158,6636,0
159,6637,0
160,6638,0
161,6639,0
162,6640,0
163,6641,0
164,6642,0
165,6643,0
166,6644,0
167,6645,0
168,6646,0
169,6647,0
170,6648,0
171,6649,0
172,6650,0
173,6651,0
174,6652,0
175,6653,0
176,6654,0
177,6655,0
178,6656,0
179,6657,0
180,6658,0
181,6659,0
182,6660,0
183,6661,0
184,6662,0
185,6663,0
186,6664,0
187,6665,0
188,6666,0
189,6667,0
190,6668,0
191,6669,0
192,6670,0
193,6671,0
194,6672,0
195,6673,0
196,6674,0
197,6675,0
198,6676,0
199,6677,0
200,6678,0
201,6679,0
202,6680,0
203,6681,0
204,6682,0
205,6683,0
206,6684,0
207,6685,0
208,6686,0
209,6687,0
210,6688,0
211,6689,0
212,6690,0
213,6691,0
214,6692,0
215,6693,0
216,6694,0
217,6695,0
218,6696,0
219,6697,0
220,6698,0
221,6699,0
222,6700,0
223,6701,0
224,6702,0
225,6703,0
226,6704,0
227,6705,0
228,6706,0
229,6707,0
230,6708,0
231,6709,0
232,6710,0
233,6711,0
234,6712,0
235,6713,0
236,6714,0
237,6715,0
238,6716,0
239,6717,0
240,6718,0
241,6719,0
242,6720,0
243,6721,0
244,6722,0
245,6723,0
246,6724,0
247,6725,0
248,6726,0
249,6727,0
250,6728,0
251,6729,0
252,6730,0
253,6731,0
254,6732,0
255,6733,0
256,6734,0
257,6735,0
258,6736,0
259,6737,0
260,6738,0
261,6739,0
262,6740,0
263,6741,0
264,6742,0
265,6743,0
266,6744,0
267,6745,0
268,6746,0
269,6747,0
270,6748,0
271,6749,0
272,6750,0
273,6751,0
274,6752,0
275,6753,0
276,6754,0
277,6755,0
278,6756,0
279,6757,0
280,6758,0
281,6759,0
282,6760,0
283,6761,0
284,6762,0
285,6763,0
286,6764,0
287,6765,0
288,6766,0
289,6767,0
290,6768,0
291,6769,0
292,6770,0
293,6771,0
294,6772,0
295,6773,0
296,6774,0
297,6775,0
298,6776,0
299,6777,0
300,6778,0
301,6779,0
302,6780,0
303,6781,0
304,6782,0
305,6783,0
306,6784,0
307,6785,0
308,6786,0
309,6787,0
310,6788,0
311,6789,0
312,6790,0
313,6791,0
314,6792,0
315,6793,0
316,6794,0
317,6795,0
318,6796,0
319,6797,0
320,6798,0
321,6799,0
322,6800,0
323,6801,0
324,6802,0
325,6803,0
326,6804,0
327,6805,0
328,6806,0
329,6807,0
330,6808,0
331,6809,0
332,6810,0
333,6811,0
334,6812,0
335,6813,0
336,6814,0
337,6815,0
338,6816,0
339,6817,0
340,6818,0
341,6819,0
342,6820,0
343,6821,0
344,6822,0
345,6823,0
346,6824,0
347,6825,0
348,6826,0
349,6827,0
350,6828,0
351,6829,0
352,6830,0
353,6831,0
354,6832,0
355,6833,0
356,6834,0
357,6835,0
358,6836,0
359,6837,0
360,6838,0
361,6839,0
362,6840,0
363,6841,0
364,6842,0
365,6843,0
366,6844,0
367,6845,0
368,6846,0
369,6847,0
370,6848,0
371,6849,0
372,6850,0
373,6851,0
374,6852,0
375,6853,0
376,6854,0
377,6855,0
378,6856,0
379,6857,0
380,6858,0
381,6859,0
382,6860,0
383,6861,0
384,6862,0
385,6863,0
386,6864,0
387,6865,0
388,6866,0
389,6867,0
390,6868,0
391,6869,0
392,6870,0
393,6871,0
394,6872,0
395,6873,0
396,6874,0
397,6875,0
398,6876,0
399,6877,0
400,6878,0
401,6879,0
402,6880,0
403,6881,0
404,6882,0
405,6883,0
406,6884,0
407,6885,0
408,6886,0
409,6887,0
410,6888,0
411,6889,0
412,6890,0
413,6891,0
414,6892,0
415,6893,0
416,6894,0
417,6895,0
418,6896,0
419,6897,0
420,6898,0
421,6899,0
422,6900,0
423,6901,0
424,6902,0
425,6903,0
426,6904,0
427,6905,0
428,6906,0
429,6907,0
430,6908,0
431,6909,0
432,6910,0
433,6911,0
434,6912,0
435,6913,0
436,6914,0
437,6915,0
438,6916,0
439,6917,0
440,6918,0
441,6919,0
442,6920,0
443,6921,0
444,6922,0
445,6923,0
446,6924,0
447,6925,0
448,6926,0
449,6927,0
450,6928,0
451,6929,0
452,6930,0
453,6931,0
454,6932,0
455,6933,0
456,6934,0
457,6935,0
458,6936,0
459,6937,0
460,6938,0
461,6939,0
462,6940,0
463,6941,0
464,6942,0
465,6943,0
466,6944,0
467,6945,0
468,6946,0
469,6947,0
470,6948,0
471,6949,0
472,6950,0
473,6951,0
474,6952,0
475,6953,0
476,6954,0
477,6955,0
478,6956,0
479,6957,0
480,6958,0
481,6959,0
482,6960,0
483,6961,0
484,6962,0
485,6963,0
486,6964,0
487,6965,0
488,6966,0
489,6967,0
490,6968,0
491,6969,0
492,6970,0
493,6971,0
494,6972,0
495,6973,0
496,6974,0
497,6975,0
498,6976,0
499,6977,0
500,6978,0
501,6979,0
502,6980,0
503,6981,0
504,6982,0
505,6983,0
506,6984,0
507,6985,0
508,6986,0
509,6987,0
510,6988,0
511,6989,0
512,6990,0
513,6991,0
514,6992,0
515,6993,0
516,6994,0
517,6995,0
518,6996,0
519,6997,0
520,6998,0
521,6999,0
522,7000,0
523,7001,0
524,7002,0
525,7003,0
526,7004,0
527,7005,0
528,7006,0
529,7007,0
530,7008,0
531,7009,0
532,7010,0
533,7011,0
534,7012,0
535,7013,0
536,7014,0
537,7015,0
538,7016,0
539,7017,0
540,7018,0
541,7019,0
542,7020,0
543,7021,0
544,7022,0
545,7023,0
546,7024,0
547,7025,0
548,7026,0
549,7027,0
550,7028,0
551,7029,0
552,7030,0
553,7031,0
554,7032,0
555,7033,0
556,7034,0
557,7035,0
558,7036,0
559,7037,0
560,7038,0
561,7039,0
562,7040,0
563,7041,0
564,7042,0
565,7043,0
566,7044,0
567,7045,0
568,7046,0
569,7047,0
570,7048,0
571,7049,0
572,7050,0
573,7051,0
574,7052,0
575,7053,0
576,7054,0
577,7055,0
578,7056,0
579,7057,0
580,7058,0
581,7059,0
582,7060,0
583,7061,0
584,7062,0
585,7063,0
586,7064,0
587,7065,0
588,7066,0
589,7067,0
590,7068,0
