ID,LID,Width,Color,type,LinkId
1,4936,10,W,1,0
2,4937,10,W,1,0
3,4938,10,W,1,0
4,4939,10,W,1,0
5,4940,10,W,1,0
6,4941,10,W,1,0
7,4942,10,W,1,0
8,4943,10,W,1,0
9,4944,10,W,1,0
10,4945,10,W,1,0
11,4946,10,W,1,0
12,4947,10,W,1,0
13,4948,10,W,1,0
14,4949,10,W,1,0
15,4950,10,W,1,0
16,4951,10,W,1,0
17,4952,10,W,1,0
18,4953,10,W,1,0
19,4954,10,W,1,0
20,4955,10,W,1,0
21,4956,10,W,0,0
22,4957,10,W,0,0
23,4958,10,W,0,0
24,4959,10,W,0,0
25,4960,10,W,0,0
26,4961,10,W,0,0
27,4962,10,W,0,0
28,4963,10,W,0,0
29,4964,10,W,0,0
30,4965,10,W,0,0
31,4966,10,W,0,0
32,4967,10,W,0,0
33,4968,10,W,0,0
34,4969,10,W,0,0
35,4970,10,W,0,0
36,4971,10,W,0,0
37,4972,10,W,0,0
38,4973,10,W,0,0
39,4974,10,W,0,0
40,4975,10,W,0,0
41,4976,10,W,0,0
42,4977,10,W,0,0
43,4978,10,W,0,0
44,4979,10,W,0,0
45,4980,10,W,0,0
46,4981,10,W,0,0
47,4982,10,W,0,0
48,4983,10,W,0,0
49,4984,10,W,0,0
50,4985,10,W,0,0
51,4986,10,W,0,0
52,4987,10,W,0,0
53,4988,10,W,0,0
54,4989,10,W,0,0
55,4990,10,W,0,0
56,4991,10,W,0,0
57,4992,10,W,0,0
58,4993,10,W,0,0
59,4994,10,W,0,0
60,4995,10,W,0,0
61,4996,10,W,0,0
62,4997,10,W,0,0
63,4998,10,W,0,0
64,4999,10,W,0,0
65,5000,10,W,0,0
66,5001,10,W,0,0
67,5002,10,W,0,0
68,5003,10,W,0,0
69,5004,10,W,0,0
70,5005,10,W,0,0
71,5006,10,W,0,0
72,5007,10,W,0,0
73,5008,10,W,0,0
74,5009,10,W,0,0
75,5010,10,W,0,0
76,5011,10,W,0,0
77,5012,10,W,0,0
78,5013,10,W,0,0
79,5014,10,W,0,0
80,5015,10,W,0,0
81,5016,10,W,0,0
82,5017,10,W,0,0
83,5018,10,W,0,0
84,5019,10,W,0,0
85,5020,10,W,0,0
86,5021,10,W,0,0
87,5022,10,W,0,0
88,5023,10,W,0,0
89,5024,10,W,0,0
90,5025,10,W,0,0
91,5026,10,W,1,0
92,5027,10,W,1,0
93,5028,10,W,0,0
94,5029,10,W,0,0
95,5030,10,W,0,0
96,5031,10,W,0,0
97,5032,10,W,0,0
98,5033,10,W,0,0
99,5034,10,W,0,0
100,5035,10,W,0,0
101,5036,10,W,0,0
102,5037,10,W,0,0
103,5038,10,W,0,0
104,5039,10,W,0,0
105,5040,10,W,0,0
106,5041,10,W,0,0
107,5042,10,W,0,0
108,5043,10,W,1,0
109,5044,10,W,1,0
110,5045,10,W,1,0
111,5046,10,W,1,0
112,5047,10,W,1,0
113,5048,10,W,1,0
114,5049,10,W,1,0
115,5050,10,W,1,0
116,5051,10,W,1,0
117,5052,10,W,1,0
118,5053,10,W,1,0
119,5054,10,W,0,0
120,5055,10,W,0,0
121,5056,10,W,0,0
122,5057,10,W,0,0
123,5058,10,W,0,0
124,5059,10,W,0,0
125,5060,10,W,0,0
126,5061,10,W,0,0
127,5062,10,W,0,0
128,5063,10,W,1,0
129,5064,10,W,1,0
130,5065,10,W,1,0
131,5066,10,W,1,0
132,5067,10,W,1,0
133,5068,10,W,0,0
134,5069,10,W,0,0
135,5070,10,W,0,0
136,5071,10,W,0,0
137,5072,10,W,0,0
138,5073,10,W,0,0
139,5074,10,W,0,0
140,5075,10,W,0,0
141,5076,10,W,0,0
142,5077,10,W,0,0
143,5078,10,W,0,0
144,5079,10,W,0,0
145,5080,10,W,0,0
146,5081,10,W,0,0
147,5082,10,W,0,0
148,5083,10,W,0,0
149,5084,10,W,0,0
150,5085,10,W,1,0
151,5086,10,W,1,0
152,5087,10,W,1,0
153,5088,10,W,1,0
154,5089,10,W,1,0
155,5090,10,W,1,0
156,5091,10,W,0,0
157,5092,10,W,0,0
158,5093,10,W,0,0
159,5094,10,W,0,0
160,5095,10,W,0,0
161,5096,10,W,0,0
162,5097,10,W,0,0
163,5098,10,W,0,0
164,5099,10,W,0,0
165,5100,10,W,0,0
166,5101,10,W,0,0
167,5102,10,W,0,0
168,5103,10,W,0,0
169,5104,10,W,0,0
170,5105,10,W,1,0
171,5106,10,W,1,0
172,5107,10,W,1,0
173,5108,10,W,1,0
174,5109,10,W,1,0
175,5110,10,W,0,0
176,5111,10,W,0,0
177,5112,10,W,0,0
178,5113,10,W,0,0
179,5114,10,W,0,0
180,5115,10,W,0,0
181,5116,10,W,0,0
182,5117,10,W,0,0
183,5118,10,W,0,0
184,5119,10,W,0,0
185,5120,10,W,0,0
186,5121,10,W,0,0
187,5122,10,W,0,0
188,5123,10,W,0,0
189,5124,10,W,0,0
190,5125,10,W,0,0
191,5126,10,W,1,0
192,5127,10,W,0,0
193,5128,10,W,0,0
194,5129,10,W,0,0
195,5130,10,W,0,0
196,5131,10,W,1,0
197,5132,10,W,1,0
198,5133,10,W,1,0
199,5134,10,W,1,0
200,5135,10,W,1,0
201,5136,10,W,1,0
202,5137,10,W,1,0
203,5138,10,W,1,0
204,5139,10,W,0,0
205,5140,10,W,0,0
206,5141,10,W,0,0
207,5142,10,W,0,0
208,5143,10,W,0,0
209,5144,10,W,0,0
210,5145,10,W,0,0
211,5146,10,W,0,0
212,5147,10,W,0,0
213,5148,10,W,0,0
214,5149,10,W,0,0
215,5150,10,W,0,0
216,5151,10,W,0,0
217,5152,10,W,0,0
218,5153,10,W,0,0
219,5154,10,W,0,0
220,5155,10,W,0,0
221,5156,10,W,0,0
222,5157,10,W,0,0
223,5158,10,W,0,0
224,5159,10,W,0,0
225,5160,10,W,0,0
226,5161,10,W,0,0
227,5162,10,W,0,0
228,5163,10,W,1,0
229,5164,10,W,1,0
230,5165,10,W,1,0
231,5166,10,W,1,0
232,5167,10,W,1,0
233,5168,10,W,1,0
234,5169,10,W,1,0
235,5170,10,W,1,0
236,5171,10,W,1,0
237,5172,10,W,1,0
238,5173,10,W,1,0
239,5174,10,W,1,0
240,5175,10,W,1,0
241,5176,10,W,1,0
242,5177,10,W,1,0
243,5178,10,W,1,0
244,5179,10,W,1,0
245,5180,10,W,1,0
246,5181,10,W,1,0
247,5182,10,W,1,0
248,5183,10,W,0,0
249,5184,10,W,0,0
250,5185,10,W,0,0
251,5186,10,W,0,0
252,5187,10,W,0,0
253,5188,10,W,0,0
254,5189,10,W,0,0
255,5190,10,W,0,0
256,5191,10,W,0,0
257,5192,10,W,0,0
258,5193,10,W,0,0
259,5194,10,W,0,0
260,5195,10,W,1,0
261,5196,10,W,1,0
262,5197,10,W,1,0
263,5198,10,W,1,0
264,5199,10,W,1,0
265,5200,10,W,1,0
266,5201,10,W,1,0
267,5202,10,W,1,0
268,5203,10,W,1,0
269,5204,10,W,1,0
270,5205,10,W,0,0
271,5206,10,W,0,0
272,5207,10,W,0,0
273,5208,10,W,0,0
274,5209,10,W,0,0
275,5210,10,W,0,0
276,5211,10,W,0,0
277,5212,10,W,0,0
278,5213,10,W,0,0
279,5214,10,W,0,0
280,5215,10,W,0,0
281,5216,10,W,0,0
282,5217,10,W,0,0
283,5218,10,W,0,0
284,5219,10,W,0,0
285,5220,10,W,0,0
286,5221,10,W,0,0
287,5222,10,W,0,0
288,5223,10,W,0,0
289,5224,10,W,0,0
290,5225,10,W,0,0
291,5226,10,W,0,0
292,5227,10,W,0,0
293,5228,10,W,0,0
294,5229,10,W,0,0
295,5230,10,W,0,0
296,5231,10,W,0,0
297,5232,10,W,0,0
298,5233,10,W,0,0
299,5234,10,W,0,0
300,5235,10,W,0,0
301,5236,10,W,0,0
302,5237,10,W,0,0
303,5238,10,W,0,0
304,5239,10,W,0,0
305,5240,10,W,0,0
306,5241,10,W,0,0
307,5242,10,W,0,0
308,5243,10,W,0,0
309,5244,10,W,0,0
310,5245,10,W,0,0
311,5246,10,W,0,0
312,5247,10,W,0,0
313,5248,10,W,0,0
314,5249,10,W,0,0
315,5250,10,W,0,0
316,5251,10,W,0,0
317,5252,10,W,0,0
318,5253,10,W,0,0
319,5254,10,W,0,0
320,5255,10,W,0,0
321,5256,10,W,0,0
322,5257,10,W,0,0
323,5258,10,W,0,0
324,5259,10,W,0,0
325,5260,10,W,0,0
326,5261,10,W,0,0
327,5262,10,W,1,0
328,5263,10,W,1,0
329,5264,10,W,1,0
330,5265,10,W,1,0
331,5266,10,W,1,0
332,5267,10,W,1,0
333,5268,10,W,1,0
334,5269,10,W,1,0
335,5270,10,W,1,0
336,5271,10,W,1,0
337,5272,10,W,1,0
338,5273,10,W,1,0
339,5274,10,W,1,0
340,5275,10,W,0,0
341,5276,10,W,0,0
342,5277,10,W,0,0
343,5278,10,W,0,0
344,5279,10,W,0,0
345,5280,10,W,0,0
346,5281,10,W,0,0
347,5282,10,W,0,0
348,5283,10,W,0,0
349,5284,10,W,0,0
350,5285,10,W,0,0
351,5286,10,W,0,0
352,5287,10,W,0,0
353,5288,10,W,0,0
354,5289,10,W,0,0
355,5290,10,W,0,0
356,5291,10,W,0,0
357,5292,10,W,0,0
358,5293,10,W,0,0
359,5294,10,W,0,0
360,5295,10,W,0,0
361,5296,10,W,0,0
362,5297,10,W,0,0
363,5298,10,W,0,0
364,5299,10,W,0,0
365,5300,10,W,0,0
366,5301,10,W,0,0
367,5302,10,W,0,0
368,5303,10,W,1,0
369,5304,10,W,1,0
370,5305,10,W,1,0
371,5306,10,W,1,0
372,5307,10,W,1,0
373,5308,10,W,1,0
374,5309,10,W,1,0
375,5310,10,W,1,0
376,5311,10,W,1,0
377,5312,10,W,1,0
378,5313,10,W,1,0
379,5314,10,W,1,0
380,5315,10,W,1,0
381,5316,10,W,1,0
382,5317,10,W,1,0
383,5318,10,W,0,0
384,5319,10,W,0,0
385,5320,10,W,0,0
386,5321,10,W,0,0
387,5322,10,W,0,0
388,5323,10,W,0,0
389,5324,10,W,0,0
390,5325,10,W,0,0
391,5326,10,W,0,0
392,5327,10,W,0,0
393,5328,10,W,0,0
394,5329,10,W,0,0
395,5330,10,W,0,0
396,5331,10,W,0,0
397,5332,10,W,0,0
398,5333,10,W,1,0
399,5334,10,W,1,0
400,5335,10,W,1,0
401,5336,10,W,1,0
402,5337,10,W,1,0
403,5338,10,W,1,0
404,5339,10,W,1,0
405,5340,10,W,1,0
406,5341,10,W,1,0
407,5342,10,W,1,0
408,5343,10,W,1,0
409,5344,10,W,1,0
410,5345,10,W,1,0
411,5346,10,W,1,0
412,5347,10,W,1,0
413,5348,10,W,1,0
414,5349,10,W,1,0
415,5350,10,W,1,0
416,5351,10,W,1,0
417,5352,10,W,0,0
418,5353,10,W,0,0
419,5354,10,W,0,0
420,5355,10,W,0,0
421,5356,10,W,0,0
422,5357,10,W,0,0
423,5358,10,W,0,0
424,5359,10,W,0,0
425,5360,10,W,0,0
426,5361,10,W,0,0
427,5362,10,W,0,0
428,5363,10,W,0,0
429,5364,10,W,0,0
430,5365,10,W,0,0
431,5366,10,W,0,0
432,5367,10,W,0,0
433,5368,10,W,0,0
434,5369,10,W,0,0
435,5370,10,W,0,0
436,5371,10,W,0,0
437,5372,10,W,0,0
438,5373,10,W,0,0
439,5374,10,W,0,0
440,5375,10,W,0,0
441,5376,10,W,0,0
442,5377,10,W,0,0
443,5378,10,W,0,0
444,5379,10,W,0,0
445,5380,10,W,0,0
446,5381,10,W,0,0
447,5382,10,W,0,0
448,5383,10,W,0,0
449,5384,10,W,0,0
450,5385,10,W,1,0
451,5386,10,W,1,0
452,5387,10,W,1,0
453,5388,10,W,1,0
454,5389,10,W,1,0
455,5390,10,W,1,0
456,5391,10,W,0,0
457,5392,10,W,0,0
458,5393,10,W,0,0
459,5394,10,W,0,0
460,5395,10,W,0,0
461,5396,10,W,0,0
462,5397,10,W,0,0
463,5398,10,W,0,0
464,5399,10,W,0,0
465,5400,10,W,0,0
466,5401,10,W,0,0
467,5402,10,W,0,0
468,5403,10,W,0,0
469,5404,10,W,0,0
470,5405,10,W,0,0
471,5406,10,W,0,0
472,5407,10,W,0,0
473,5408,10,W,1,0
474,5409,10,W,1,0
475,5410,10,W,1,0
476,5411,10,W,1,0
477,5412,10,W,1,0
478,5413,10,W,1,0
479,5414,10,W,1,0
480,5415,10,W,1,0
481,5416,10,W,1,0
482,5417,10,W,1,0
483,5418,10,W,1,0
484,5419,10,W,1,0
485,5420,10,W,1,0
486,5421,10,W,0,0
487,5422,10,W,0,0
488,5423,10,W,0,0
489,5424,10,W,0,0
490,5425,10,W,0,0
491,5426,10,W,0,0
492,5427,10,W,0,0
493,5428,10,W,0,0
494,5429,10,W,0,0
495,5430,10,W,0,0
496,5431,10,W,0,0
497,5432,10,W,0,0
498,5433,10,W,0,0
499,5434,10,W,0,0
500,5435,10,W,0,0
501,5436,10,W,0,0
502,5437,10,W,0,0
503,5438,10,W,0,0
504,5439,10,W,0,0
505,5440,10,W,1,0
506,5441,10,W,1,0
507,5442,10,W,1,0
508,5443,10,W,1,0
509,5444,10,W,1,0
510,5445,10,W,1,0
511,5446,10,W,1,0
512,5447,10,W,1,0
513,5448,10,W,1,0
514,5449,10,W,1,0
515,5450,10,W,1,0
516,5451,10,W,0,0
517,5452,10,W,0,0
518,5453,10,W,0,0
519,5454,10,W,0,0
520,5455,10,W,0,0
521,5456,10,W,0,0
522,5457,10,W,0,0
523,5458,10,W,0,0
524,5459,10,W,0,0
525,5460,10,W,0,0
526,5461,10,W,0,0
527,5462,10,W,0,0
528,5463,10,W,0,0
529,5464,10,W,0,0
530,5465,10,W,0,0
531,5466,10,W,0,0
532,5467,10,W,0,0
533,5468,10,W,0,0
534,5469,10,W,0,0
535,5470,10,W,0,0
536,5471,10,W,0,0
537,5472,10,W,0,0
538,5473,10,W,0,0
539,5474,10,W,0,0
540,5475,10,W,0,0
541,5476,10,W,0,0
542,5477,10,W,0,0
543,5478,10,W,0,0
544,5479,10,W,0,0
545,5480,10,W,0,0
546,5481,10,W,0,0
547,5482,10,W,0,0
548,5483,10,W,0,0
549,5484,10,W,0,0
550,5485,10,W,0,0
551,5486,10,W,0,0
552,5487,10,W,0,0
553,5488,10,W,0,0
554,5489,10,W,0,0
555,5490,10,W,0,0
556,5491,10,W,0,0
557,5492,10,W,1,0
558,5493,10,W,1,0
559,5494,10,W,0,0
560,5495,10,W,0,0
561,5496,10,W,0,0
562,5497,10,W,0,0
563,5498,10,W,0,0
564,5499,10,W,0,0
565,5500,10,W,0,0
566,5501,10,W,1,0
567,5502,10,W,1,0
568,5503,10,W,1,0
569,5504,10,W,1,0
570,5505,10,W,1,0
571,5506,10,W,1,0
572,5507,10,W,1,0
573,5508,10,W,1,0
574,5509,10,W,1,0
575,5510,10,W,1,0
576,5511,10,W,1,0
577,5512,10,W,0,0
578,5513,10,W,0,0
579,5514,10,W,0,0
580,5515,10,W,0,0
581,5516,10,W,0,0
582,5517,10,W,0,0
583,5518,10,W,0,0
584,5519,10,W,0,0
585,5520,10,W,0,0
586,5521,10,W,0,0
587,5522,10,W,0,0
588,5523,10,W,0,0
589,5524,10,W,0,0
590,5525,10,W,0,0
591,5526,10,W,0,0
592,5527,10,W,0,0
593,5528,10,W,0,0
594,5529,10,W,0,0
595,5530,10,W,0,0
596,5531,10,W,0,0
597,5532,10,W,0,0
598,5533,10,W,0,0
599,5534,10,W,0,0
600,5535,10,W,0,0
601,5536,10,W,0,0
602,5537,10,W,0,0
603,5538,10,W,0,0
604,5539,10,W,0,0
605,5540,10,W,0,0
606,5541,10,W,0,0
607,5542,10,W,0,0
608,5543,10,W,1,0
609,5544,10,W,1,0
610,5545,10,W,1,0
611,5546,10,W,1,0
612,5547,10,W,0,0
613,5548,10,W,0,0
614,5549,10,W,0,0
615,5550,10,W,0,0
616,5551,10,W,0,0
617,5552,10,W,0,0
618,5553,10,W,0,0
619,5554,10,W,0,0
620,5555,10,W,0,0
621,5556,10,W,0,0
622,5557,10,W,0,0
623,5558,10,W,0,0
624,5559,10,W,0,0
625,5560,10,W,0,0
626,5561,10,W,0,0
627,5562,10,W,0,0
628,5563,10,W,1,0
629,5564,10,W,1,0
630,5565,10,W,1,0
631,5566,10,W,1,0
632,5567,10,W,1,0
633,5568,10,W,1,0
634,5569,10,W,1,0
635,5570,10,W,1,0
636,5571,10,W,1,0
637,5572,10,W,1,0
638,5573,10,W,1,0
639,5574,10,W,1,0
640,5575,10,W,1,0
641,5576,10,W,1,0
642,5577,10,W,0,0
643,5578,10,W,0,0
644,5579,10,W,0,0
645,5580,10,W,0,0
646,5581,10,W,0,0
647,5582,10,W,0,0
648,5583,10,W,0,0
649,5584,10,W,0,0
650,5585,10,W,0,0
651,5586,10,W,0,0
652,5587,10,W,0,0
653,5588,10,W,0,0
654,5589,10,W,0,0
655,5590,10,W,0,0
656,5591,10,W,0,0
657,5592,10,W,0,0
658,5593,10,W,0,0
659,5594,10,W,0,0
660,5595,10,W,0,0
661,5596,10,W,1,0
662,5597,10,W,1,0
663,5598,10,W,1,0
664,5599,10,W,1,0
665,5600,10,W,1,0
666,5601,10,W,1,0
667,5602,10,W,1,0
668,5603,10,W,1,0
669,5604,10,W,1,0
670,5605,10,W,1,0
671,5606,10,W,1,0
672,5607,10,W,1,0
673,5608,10,W,0,0
674,5609,10,W,0,0
675,5610,10,W,0,0
676,5611,10,W,0,0
677,5612,10,W,0,0
678,5613,10,W,0,0
679,5614,10,W,0,0
680,5615,10,W,0,0
681,5616,10,W,0,0
682,5617,10,W,0,0
683,5618,10,W,0,0
684,5619,10,W,0,0
685,5620,10,W,0,0
686,5621,10,W,0,0
687,5622,10,W,0,0
688,5623,10,W,0,0
689,5624,10,W,0,0
690,5625,10,W,0,0
691,5626,10,W,0,0
692,5627,10,W,0,0
693,5628,10,W,0,0
694,5629,10,W,0,0
695,5630,10,W,0,0
696,5631,10,W,1,0
697,5632,10,W,1,0
698,5633,10,W,1,0
699,5634,10,W,1,0
700,5635,10,W,1,0
701,5636,10,W,1,0
702,5637,10,W,1,0
703,5638,10,W,1,0
704,5639,10,W,1,0
705,5640,10,W,1,0
706,5641,10,W,0,0
707,5642,10,W,0,0
708,5643,10,W,0,0
709,5644,10,W,0,0
710,5645,10,W,0,0
711,5646,10,W,0,0
712,5647,10,W,0,0
713,5648,10,W,0,0
714,5649,10,W,0,0
715,5650,10,W,0,0
716,5651,10,W,0,0
717,5652,10,W,0,0
718,5653,10,W,0,0
719,5654,10,W,0,0
720,5655,10,W,0,0
721,5656,10,W,0,0
722,5657,10,W,0,0
723,5658,10,W,1,0
724,5659,10,W,1,0
725,5660,10,W,1,0
726,5661,10,W,1,0
727,5662,10,W,1,0
728,5663,10,W,1,0
729,5664,10,W,1,0
730,5665,10,W,1,0
731,5666,10,W,1,0
732,5667,10,W,1,0
733,5668,10,W,1,0
734,5669,10,W,0,0
735,5670,10,W,0,0
736,5671,10,W,0,0
737,5672,10,W,0,0
738,5673,10,W,0,0
739,5674,10,W,0,0
740,5675,10,W,0,0
741,5676,10,W,0,0
742,5677,10,W,0,0
743,5678,10,W,0,0
744,5679,10,W,0,0
745,5680,10,W,0,0
746,5681,10,W,0,0
747,5682,10,W,0,0
748,5683,10,W,0,0
749,5684,10,W,0,0
750,5685,10,W,0,0
751,5686,10,W,0,0
752,5687,10,W,0,0
753,5688,10,W,0,0
754,5689,10,W,0,0
755,5690,10,W,0,0
756,5691,10,W,0,0
757,5692,10,W,0,0
758,5693,10,W,0,0
759,5694,10,W,0,0
760,5695,10,W,0,0
761,5696,10,W,0,0
762,5697,10,W,0,0
763,5698,10,W,0,0
764,5699,10,W,0,0
765,5700,10,W,0,0
766,5701,10,W,0,0
767,5702,10,W,0,0
768,5703,10,W,0,0
769,5704,10,W,0,0
770,5705,10,W,1,0
771,5706,10,W,1,0
772,5707,10,W,1,0
773,5708,10,W,1,0
774,5709,10,W,1,0
775,5710,10,W,1,0
776,5711,10,W,1,0
777,5712,10,W,1,0
778,5713,10,W,1,0
779,5714,10,W,1,0
780,5715,10,W,1,0
781,5716,10,W,1,0
782,5717,10,W,0,0
783,5718,10,W,0,0
784,5719,10,W,0,0
785,5720,10,W,0,0
786,5721,10,W,0,0
787,5722,10,W,0,0
788,5723,10,W,0,0
789,5724,10,W,0,0
790,5725,10,W,0,0
791,5726,10,W,0,0
792,5727,10,W,0,0
793,5728,10,W,0,0
794,5729,10,W,0,0
795,5730,10,W,0,0
796,5731,10,W,0,0
797,5732,10,W,0,0
798,5733,10,W,0,0
799,5734,10,W,0,0
800,5735,10,W,1,0
801,5736,10,W,1,0
802,5737,10,W,1,0
803,5738,10,W,1,0
804,5739,10,W,1,0
805,5740,10,W,1,0
806,5741,10,W,1,0
807,5742,10,W,1,0
808,5743,10,W,1,0
809,5744,10,W,1,0
810,5745,10,W,1,0
811,5746,10,W,1,0
812,5747,10,W,1,0
813,5748,10,W,1,0
814,5749,10,W,1,0
815,5750,10,W,1,0
816,5751,10,W,1,0
817,5752,10,W,1,0
818,5753,10,W,1,0
819,5754,10,W,1,0
820,5755,10,W,1,0
821,5756,10,W,1,0
822,5757,10,W,1,0
823,5758,10,W,1,0
824,5759,10,W,1,0
825,5760,10,W,1,0
826,5761,10,W,1,0
827,5762,10,W,1,0
828,5763,10,W,1,0
829,5764,10,W,1,0
830,5765,10,W,1,0
831,5766,10,W,1,0
832,5767,10,W,1,0
833,5768,10,W,1,0
834,5769,10,W,1,0
835,5770,10,W,1,0
836,5771,10,W,1,0
837,5772,10,W,1,0
838,5773,10,W,1,0
839,5774,10,W,1,0
840,5775,10,W,1,0
841,5776,10,W,1,0
842,5777,10,W,1,0
843,5778,10,W,1,0
844,5779,10,W,1,0
845,5780,10,W,1,0
846,5781,10,W,1,0
847,5782,10,W,1,0
848,5783,10,W,1,0
849,5784,10,W,1,0
850,5785,10,W,1,0
851,5786,10,W,1,0
852,5787,10,W,1,0
853,5788,10,W,1,0
854,5789,10,W,1,0
855,5790,10,W,1,0
856,5791,10,W,1,0
857,5792,10,W,1,0
858,5793,10,W,1,0
859,5794,10,W,1,0
860,5795,10,W,1,0
861,5796,10,W,1,0
862,5797,10,W,1,0
863,5798,10,W,1,0
864,5799,10,W,1,0
865,5800,10,W,1,0
866,5801,10,W,1,0
867,5802,10,W,1,0
868,5803,10,W,1,0
869,5804,10,W,1,0
870,5805,10,W,1,0
871,5806,10,W,1,0
872,5807,10,W,1,0
873,5808,10,W,1,0
874,5809,10,W,1,0
875,5810,10,W,1,0
876,5811,10,W,1,0
877,5812,10,W,1,0
878,5813,10,W,1,0
879,5814,10,W,1,0
880,5815,10,W,1,0
881,5816,10,W,1,0
882,5817,10,W,1,0
883,5818,10,W,1,0
884,5819,10,W,1,0
885,5820,10,W,1,0
886,5821,10,W,1,0
887,5822,10,W,1,0
888,5823,10,W,1,0
889,5824,10,W,1,0
890,5825,10,W,1,0
891,5826,10,W,1,0
892,5827,10,W,1,0
893,5828,10,W,1,0
894,5829,10,W,1,0
895,5830,10,W,1,0
896,5831,10,W,1,0
897,5832,10,W,1,0
898,5833,10,W,1,0
899,5834,10,W,1,0
900,5835,10,W,1,0
901,5836,10,W,1,0
902,5837,10,W,1,0
903,5838,10,W,1,0
904,5839,10,W,1,0
905,5840,10,W,1,0
906,5841,10,W,1,0
907,5842,10,W,1,0
908,5843,10,W,1,0
909,5844,10,W,1,0
910,5845,10,W,1,0
911,5846,10,W,1,0
912,5847,10,W,1,0
913,5848,10,W,1,0
914,5849,10,W,1,0
915,5850,10,W,1,0
916,5851,10,W,1,0
917,5852,10,W,1,0
918,5853,10,W,1,0
919,5854,10,W,1,0
920,5855,10,W,1,0
921,5856,10,W,1,0
922,5857,10,W,1,0
923,5858,10,W,1,0
924,5859,10,W,1,0
925,5860,10,W,1,0
926,5861,10,W,1,0
927,5862,10,W,1,0
928,5863,10,W,1,0
929,5864,10,W,1,0
930,5865,10,W,1,0
931,5866,10,W,0,0
932,5867,10,W,1,0
933,5868,10,W,1,0
934,5869,10,W,1,0
935,5870,10,W,1,0
936,5871,10,W,1,0
937,5872,10,W,1,0
938,5873,10,W,1,0
939,5874,10,W,1,0
940,5875,10,W,1,0
941,5876,10,W,1,0
942,5877,10,W,1,0
943,5878,10,W,1,0
944,5879,10,W,1,0
945,5880,10,W,1,0
946,5881,10,W,1,0
947,5882,10,W,1,0
948,5883,10,W,1,0
949,5884,10,W,1,0
950,5885,10,W,1,0
951,5886,10,W,1,0
952,5887,10,W,1,0
953,5888,10,W,1,0
954,5889,10,W,1,0
955,5890,10,W,1,0
956,5891,10,W,1,0
957,5892,10,W,1,0
958,5893,10,W,1,0
959,5894,10,W,1,0
960,5895,10,W,1,0
961,5896,10,W,1,0
962,5897,10,W,1,0
963,5898,10,W,1,0
964,5899,10,W,1,0
965,5900,10,W,1,0
966,5901,10,W,1,0
967,5902,10,W,1,0
968,5903,10,W,1,0
969,5904,10,W,1,0
970,5905,10,W,1,0
971,5906,10,W,1,0
972,5907,10,W,1,0
973,5908,10,W,1,0
974,5909,10,W,1,0
975,5910,10,W,1,0
976,5911,10,W,1,0
977,5912,10,W,1,0
978,5913,10,W,1,0
979,5914,10,W,1,0
980,5915,10,W,1,0
981,5916,10,W,1,0
982,5917,10,W,1,0
983,5918,10,W,1,0
984,5919,10,W,1,0
985,5920,10,W,1,0
986,5921,10,W,1,0
987,5922,10,W,1,0
988,5923,10,W,1,0
989,5924,10,W,1,0
990,5925,10,W,1,0
991,5926,10,W,1,0
992,5927,10,W,1,0
993,5928,10,W,1,0
994,5929,10,W,1,0
995,5930,10,W,1,0
996,5931,10,W,1,0
997,5932,10,W,1,0
998,5933,10,W,1,0
999,5934,10,W,1,0
1000,5935,10,W,1,0
1001,5936,10,W,1,0
1002,5937,10,W,1,0
1003,5938,10,W,1,0
1004,5939,10,W,1,0
1005,5940,10,W,1,0
1006,5941,10,W,1,0
1007,5942,10,W,1,0
1008,5943,10,W,1,0
1009,5944,10,W,1,0
1010,5945,10,W,1,0
1011,5946,10,W,1,0
1012,5947,10,W,1,0
1013,5948,10,W,1,0
1014,5949,10,W,1,0
1015,5950,10,W,1,0
1016,5951,10,W,1,0
1017,5952,10,W,1,0
1018,5953,10,W,1,0
1019,5954,10,W,1,0
1020,5955,10,W,1,0
1021,5956,10,W,1,0
1022,5957,10,W,1,0
1023,5958,10,W,1,0
1024,5959,10,W,1,0
1025,5960,10,W,1,0
1026,5961,10,W,1,0
1027,5962,10,W,1,0
1028,5963,10,W,1,0
1029,5964,10,W,1,0
1030,5965,10,W,1,0
1031,5966,10,W,1,0
1032,5967,10,W,1,0
1033,5968,10,W,1,0
1034,5969,10,W,1,0
1035,5970,10,W,1,0
1036,5971,10,W,1,0
1037,5972,10,W,1,0
1038,5973,10,W,1,0
1039,5974,10,W,1,0
1040,5975,10,W,1,0
1041,5976,10,W,1,0
1042,5977,10,W,1,0
1043,5978,10,W,1,0
1044,5979,10,W,1,0
1045,5980,10,W,1,0
1046,5981,10,W,1,0
1047,5982,10,W,1,0
1048,5983,10,W,1,0
1049,5984,10,W,1,0
1050,5985,10,W,1,0
1051,5986,10,W,1,0
1052,5987,10,W,1,0
1053,5988,10,W,1,0
1054,5989,10,W,1,0
1055,5990,10,W,1,0
1056,5991,10,W,1,0
1057,5992,10,W,1,0
1058,5993,10,W,1,0
1059,5994,10,W,1,0
1060,5995,10,W,1,0
1061,5996,10,W,1,0
1062,5997,10,W,1,0
1063,5998,10,W,1,0
1064,5999,10,W,1,0
1065,6000,10,W,1,0
1066,6001,10,W,1,0
1067,6002,10,W,1,0
1068,6003,10,W,1,0
1069,6004,10,W,1,0
1070,6005,10,W,1,0
1071,6006,10,W,1,0
1072,6007,10,W,1,0
1073,6008,10,W,1,0
1074,6009,10,W,1,0
1075,6010,10,W,1,0
1076,6011,10,W,1,0
1077,6012,10,W,1,0
1078,6013,10,W,1,0
1079,6014,10,W,1,0
1080,6015,10,W,1,0
1081,6016,10,W,1,0
1082,6017,10,W,1,0
1083,6018,10,W,1,0
1084,6019,10,W,1,0
1085,6020,10,W,1,0
1086,6021,10,W,1,0
1087,6022,10,W,1,0
1088,6023,10,W,1,0
1089,6024,10,W,1,0
1090,6025,10,W,1,0
1091,6026,10,W,1,0
1092,6027,10,W,1,0
1093,6028,10,W,1,0
1094,6029,10,W,1,0
1095,6030,10,W,1,0
1096,6031,10,W,1,0
1097,6032,10,W,1,0
1098,6033,10,W,1,0
1099,6034,10,W,1,0
1100,6035,10,W,1,0
1101,6036,10,W,1,0
1102,6037,10,W,1,0
1103,6038,10,W,1,0
1104,6039,10,W,1,0
1105,6040,10,W,1,0
1106,6041,10,W,1,0
1107,6042,10,W,1,0
1108,6043,10,W,1,0
1109,6044,10,W,1,0
1110,6045,10,W,1,0
1111,6046,10,W,1,0
1112,6047,10,W,1,0
1113,6048,10,W,1,0
1114,6049,10,W,1,0
1115,6050,10,W,1,0
1116,6051,10,W,1,0
1117,6052,10,W,1,0
1118,6053,10,W,1,0
1119,6054,10,W,1,0
1120,6055,10,W,1,0
1121,6056,10,W,1,0
1122,6057,10,W,1,0
1123,6058,10,W,1,0
1124,6059,10,W,1,0
1125,6060,10,W,1,0
1126,6061,10,W,1,0
1127,6062,10,W,1,0
1128,6063,10,W,1,0
1129,6064,10,W,1,0
1130,6065,10,W,1,0
1131,6066,10,W,1,0
1132,6067,10,W,1,0
1133,6068,10,W,1,0
1134,6069,10,W,1,0
1135,6070,10,W,1,0
1136,6071,10,W,1,0
1137,6072,10,W,1,0
1138,6073,10,W,1,0
1139,6074,10,W,1,0
1140,6075,10,W,1,0
1141,6076,10,W,1,0
1142,6077,10,W,1,0
1143,6078,10,W,1,0
1144,6079,10,W,1,0
1145,6080,10,W,1,0
1146,6081,10,W,1,0
1147,6082,10,W,1,0
1148,6083,10,W,1,0
1149,6084,10,W,1,0
1150,6085,10,W,1,0
1151,6086,10,W,1,0
1152,6087,10,W,1,0
1153,6088,10,W,1,0
1154,6089,10,W,1,0
1155,6090,10,W,1,0
1156,6091,10,W,1,0
1157,6092,10,W,1,0
1158,6093,10,W,1,0
1159,6094,10,W,1,0
1160,6095,10,W,1,0
1161,6096,10,W,1,0
1162,6097,10,W,1,0
1163,6098,10,W,1,0
1164,6099,10,W,1,0
1165,6100,10,W,1,0
1166,6101,10,W,1,0
1167,6102,10,W,1,0
1168,6103,10,W,1,0
1169,6104,10,W,1,0
1170,6105,10,W,1,0
1171,6106,10,W,1,0
1172,6107,10,W,1,0
1173,6108,10,W,1,0
1174,6109,10,W,1,0
1175,6110,10,W,1,0
1176,6111,10,W,1,0
1177,6112,10,W,1,0
1178,6113,10,W,1,0
1179,6114,10,W,1,0
1180,6115,10,W,1,0
1181,6116,10,W,1,0
1182,6117,10,W,1,0
1183,6118,10,W,1,0
1184,6119,10,W,1,0
1185,6120,10,W,1,0
1186,6121,10,W,1,0
1187,6122,10,W,1,0
1188,6123,10,W,1,0
1189,6124,10,W,1,0
1190,6125,10,W,1,0
1191,6126,10,W,1,0
1192,6127,10,W,1,0
1193,6128,10,W,1,0
1194,6129,10,W,1,0
1195,6130,10,W,1,0
1196,6131,10,W,1,0
1197,6132,10,W,1,0
1198,6133,10,W,1,0
1199,6134,10,W,1,0
1200,6135,10,W,1,0
1201,6136,10,W,1,0
1202,6137,10,W,1,0
1203,6138,10,W,1,0
1204,6139,10,W,1,0
1205,6140,10,W,1,0
1206,6141,10,W,1,0
1207,6142,10,W,1,0
1208,6143,10,W,1,0
1209,6144,10,W,1,0
1210,6145,10,W,1,0
1211,6146,10,W,1,0
1212,6147,10,W,1,0
1213,6148,10,W,1,0
1214,6149,10,W,1,0
1215,6150,10,W,1,0
1216,6151,10,W,1,0
1217,6152,10,W,1,0
1218,6153,10,W,1,0
1219,6154,10,W,1,0
1220,6155,10,W,1,0
1221,6156,10,W,1,0
1222,6157,10,W,1,0
1223,6158,10,W,1,0
1224,6159,10,W,1,0
1225,6160,10,W,1,0
1226,6161,10,W,1,0
1227,6162,10,W,1,0
1228,6163,10,W,1,0
1229,6164,10,W,1,0
1230,6165,10,W,1,0
1231,6166,10,W,1,0
1232,6167,10,W,1,0
1233,6168,10,W,1,0
1234,6169,10,W,1,0
1235,6170,10,W,0,0
1236,6171,10,W,0,0
1237,6172,10,W,0,0
1238,6173,10,W,0,0
1239,6174,10,W,0,0
1240,6175,10,W,0,0
1241,6176,10,W,0,0
1242,6177,10,W,0,0
1243,6178,10,W,0,0
1244,6179,10,W,0,0
1245,6180,10,W,0,0
1246,6181,10,W,0,0
1247,6182,10,W,0,0
1248,6183,10,W,0,0
1249,6184,10,W,0,0
1250,6185,10,W,0,0
1251,6186,10,W,0,0
1252,6187,10,W,0,0
1253,6188,10,W,0,0
1254,6189,10,W,0,0
1255,6190,10,W,0,0
1256,6191,10,W,0,0
1257,6192,10,W,0,0
1258,6193,10,W,0,0
1259,6194,10,W,0,0
1260,6195,10,W,0,0
1261,6196,10,W,0,0
1262,6197,10,W,0,0
1263,6198,10,W,0,0
1264,6199,10,W,0,0
1265,6200,10,W,0,0
1266,6201,10,W,0,0
1267,6202,10,W,0,0
1268,6203,10,W,0,0
1269,6204,10,W,0,0
1270,6205,10,W,0,0
1271,6206,10,W,0,0
1272,6207,10,W,0,0
1273,6208,10,W,0,0
1274,6209,10,W,0,0
1275,6210,10,W,0,0
1276,6211,10,W,0,0
1277,6212,10,W,0,0
1278,6213,10,W,0,0
1279,6214,10,W,0,0
1280,6215,10,W,0,0
1281,6216,10,W,0,0
1282,6217,10,W,0,0
1283,6218,10,W,0,0
1284,6219,10,W,0,0
1285,6220,10,W,0,0
1286,6221,10,W,0,0
1287,6222,10,W,0,0
1288,6223,10,W,0,0
1289,6224,10,W,0,0
1290,6225,10,W,0,0
1291,6226,10,W,0,0
1292,6227,10,W,0,0
1293,6228,10,W,0,0
1294,6229,10,W,0,0
1295,6230,10,W,0,0
1296,6231,10,W,0,0
1297,6232,10,W,0,0
1298,6233,10,W,0,0
1299,6234,10,W,0,0
1300,6235,10,W,0,0
1301,6236,10,W,0,0
1302,6237,10,W,0,0
1303,6238,10,W,0,0
1304,6239,10,W,0,0
1305,6240,10,W,0,0
1306,6241,10,W,0,0
1307,6242,10,W,0,0
1308,6243,10,W,0,0
1309,6244,10,W,0,0
1310,6245,10,W,0,0
1311,6246,10,W,0,0
1312,6247,10,W,0,0
1313,6248,10,W,0,0
1314,6249,10,W,0,0
1315,6250,10,W,0,0
1316,6251,10,W,0,0
1317,6252,10,W,0,0
1318,6253,10,W,0,0
1319,6254,10,W,0,0
1320,6255,10,W,0,0
1321,6256,10,W,0,0
1322,6257,10,W,0,0
1323,6258,10,W,0,0
1324,6259,10,W,0,0
1325,6260,10,W,0,0
1326,6261,10,W,0,0
1327,6262,10,W,0,0
1328,6263,10,W,0,0
1329,6264,10,W,0,0
1330,6265,10,W,0,0
1331,6266,10,W,0,0
1332,6267,10,W,0,0
1333,6268,10,W,0,0
1334,6269,10,W,0,0
1335,6270,10,W,0,0
1336,6271,10,W,0,0
1337,6272,10,W,0,0
1338,6273,10,W,0,0
1339,6274,10,W,0,0
1340,6275,10,W,0,0
1341,6276,10,W,0,0
1342,6277,10,W,0,0
1343,6278,10,W,0,0
1344,6279,10,W,0,0
1345,6280,10,W,0,0
1346,6281,10,W,0,0
1347,6282,10,W,0,0
1348,6283,10,W,0,0
1349,6284,10,W,0,0
1350,6285,10,W,0,0
1351,6286,10,W,0,0
1352,6287,10,W,0,0
1353,6288,10,W,0,0
1354,6289,10,W,0,0
1355,6290,10,W,0,0
1356,6291,10,W,0,0
1357,6292,10,W,0,0
1358,6293,10,W,0,0
1359,6294,10,W,0,0
1360,6295,10,W,0,0
1361,6296,10,W,0,0
1362,6297,10,W,0,0
1363,6298,10,W,0,0
1364,6299,10,W,0,0
1365,6300,10,W,0,0
1366,6301,10,W,0,0
1367,6302,10,W,0,0
1368,6303,10,W,0,0
1369,6304,10,W,0,0
1370,6305,10,W,0,0
1371,6306,10,W,0,0
1372,6307,10,W,0,0
1373,6308,10,W,0,0
1374,6309,10,W,0,0
1375,6310,10,W,0,0
1376,6311,10,W,0,0
1377,6312,10,W,0,0
1378,6313,10,W,0,0
1379,6314,10,W,0,0
1380,6315,10,W,0,0
1381,6316,10,W,0,0
1382,6317,10,W,0,0
1383,6318,10,W,0,0
1384,6319,10,W,0,0
1385,6320,10,W,0,0
1386,6321,10,W,0,0
1387,6322,10,W,0,0
1388,6323,10,W,0,0
1389,6324,10,W,0,0
1390,6325,10,W,0,0
1391,6326,10,W,0,0
1392,6327,10,W,0,0
1393,6328,10,W,0,0
1394,6329,10,W,0,0
1395,6330,10,W,0,0
1396,6331,10,W,0,0
1397,6332,10,W,0,0
1398,6333,10,W,0,0
1399,6334,10,W,0,0
1400,6335,10,W,0,0
1401,6336,10,W,0,0
1402,6337,10,W,0,0
1403,6338,10,W,0,0
1404,6339,10,W,0,0
1405,6340,10,W,0,0
1406,6341,10,W,0,0
1407,6342,10,W,0,0
1408,6343,10,W,0,0
1409,6344,10,W,0,0
1410,6345,10,W,0,0
1411,6346,10,W,0,0
1412,6347,10,W,0,0
1413,6348,10,W,0,0
1414,6349,10,W,0,0
1415,6350,10,W,0,0
1416,6351,10,W,0,0
1417,6352,10,W,0,0
1418,6353,10,W,0,0
1419,6354,10,W,0,0
1420,6355,10,W,0,0
1421,6356,10,W,0,0
1422,6357,10,W,0,0
1423,6358,10,W,0,0
1424,6359,10,W,0,0
1425,6360,10,W,0,0
1426,6361,10,W,0,0
1427,6362,10,W,0,0
1428,6363,10,W,0,0
1429,6364,10,W,0,0
1430,6365,10,W,0,0
1431,6366,10,W,0,0
1432,6367,10,W,0,0
1433,6368,10,W,0,0
1434,6369,10,W,0,0
1435,6370,10,W,0,0
1436,6371,10,W,0,0
1437,6372,10,W,0,0
1438,6373,10,W,0,0
1439,6374,10,W,0,0
1440,6375,10,W,0,0
1441,6376,10,W,0,0
1442,6377,10,W,0,0
1443,6378,10,W,0,0
1444,6379,10,W,0,0
1445,6380,10,W,0,0
1446,6381,10,W,0,0
1447,6382,10,W,0,0
1448,6383,10,W,0,0
1449,6384,10,W,0,0
1450,6385,10,W,0,0
1451,6386,10,W,0,0
1452,6387,10,W,0,0
1453,6388,10,W,0,0
1454,6389,10,W,0,0
1455,6390,10,W,0,0
1456,6391,10,W,0,0
1457,6392,10,W,0,0
1458,6393,10,W,0,0
1459,6394,10,W,0,0
1460,6395,10,W,0,0
1461,6396,10,W,0,0
1462,6397,10,W,0,0
1463,6398,10,W,0,0
1464,6399,10,W,0,0
1465,6400,10,W,0,0
1466,6401,10,W,0,0
1467,6402,10,W,0,0
1468,6403,10,W,0,0
1469,6404,10,W,0,0
1470,6405,10,W,0,0
1471,6406,10,W,0,0
1472,6407,10,W,0,0
1473,6408,10,W,0,0
1474,6409,10,W,0,0
1475,6410,10,W,0,0
1476,6411,10,W,0,0
1477,6412,10,W,0,0
1478,6413,10,W,0,0
1479,6414,10,W,0,0
1480,6415,10,W,0,0
1481,6416,10,W,0,0
1482,6417,10,W,0,0
1483,6418,10,W,0,0
1484,6419,10,W,0,0
1485,6420,10,W,0,0
1486,6421,10,W,0,0
1487,6422,10,W,0,0
1488,6423,10,W,0,0
1489,6424,10,W,0,0
1490,6425,10,W,0,0
1491,6426,10,W,0,0
1492,6427,10,W,0,0
1493,6428,10,W,0,0
1494,6429,10,W,0,0
1495,6430,10,W,0,0
1496,6431,10,W,0,0
1497,6432,10,W,0,0
1498,6433,10,W,0,0
1499,6434,10,W,0,0
1500,6435,10,W,0,0
1501,6436,10,W,0,0
1502,6437,10,W,0,0
1503,6438,10,W,0,0
1504,6439,10,W,0,0
1505,6440,10,W,0,0
1506,6441,10,W,0,0
1507,6442,10,W,0,0
1508,6443,10,W,0,0
1509,6444,10,W,0,0
1510,6445,10,W,0,0
1511,6446,10,W,0,0
1512,6447,10,W,0,0
1513,6448,10,W,0,0
1514,6449,10,W,0,0
1515,6450,10,W,0,0
1516,6451,10,W,0,0
1517,6452,10,W,0,0
1518,6453,10,W,0,0
1519,6454,10,W,0,0
1520,6455,10,W,1,0
1521,6456,10,W,1,0
1522,6457,10,W,1,0
1523,6458,10,W,1,0
1524,6459,10,W,1,0
1525,6460,10,W,1,0
1526,6461,10,W,1,0
1527,6462,10,W,1,0
1528,6463,10,W,1,0
1529,6464,10,W,0,0
1530,6465,10,W,0,0
1531,6466,10,W,0,0
1532,6467,10,W,0,0
1533,6468,10,W,0,0
1534,6469,10,W,0,0
1535,6470,10,W,0,0
1536,6471,10,W,0,0
1537,6472,10,W,0,0
1538,6473,10,W,0,0
1539,6474,10,W,0,0
1540,6475,10,W,0,0
1541,6476,10,W,0,0
1542,6477,10,W,0,0
1543,6478,10,W,0,0
